cell_type,PC_1,PC_2,PC_3,PC_4,PC_5,PC_6,PC_7,PC_8,PC_9,PC_10,PC_11,PC_12,PC_13,PC_14,PC_15,PC_16
B cells,-16.645466254362727,-9.937810957272168,38.38975988820217,-13.68045257923944,3.3922471531199476,0.5735104310955301,1.1669968529677859,-1.1938204643467427,-1.034063603011946,-0.2926581546274575,0.15056320454846153,0.050403369107399607,0.01090807020239905,0.2625018499758242,-0.3722275726221845,0.05986998118526576
T cells CD4+,-20.30109109912808,21.49459157392225,-4.919826482589136,3.948149472469271,-8.51417787040954,0.41408321409717086,-0.5345050984985216,-1.4210011553836162,-0.04045772597378782,0.05502570803407075,-0.5951259900210178,-0.026151701219805028,0.07670989515562554,0.2691009790998304,0.2945781311906747,0.6521990750096045
NK cells,-24.776160992661232,2.0336506969330244,-15.259670506264355,-3.799439408602091,20.975446413581757,-0.5868677087183979,1.4447270108875585,2.7141083570291484,-0.11311294152255,-0.11955670835377262,0.5215390203057716,0.435839122290539,-0.6246800682997331,-0.34876182578363163,0.0023189490877406865,-1.3254137664137984
Myeloid cells,57.54491039627271,-26.085601348030877,-4.0390230742338815,3.930486386776242,-2.621671137969326,-0.6619685965426172,-1.0159714342198904,0.5821771176456587,0.09221572841239455,0.14574237925878575,0.12029052979018699,0.16448458332969207,-0.014980317082397955,-0.37765576080539576,-0.43459873937305454,0.09479099501064739
T regulatory cells,-31.18849761914856,0.7744622041759168,-4.064170133479831,6.189434931206363,-5.682526534740192,1.0864181328791094,-2.508905033856669,-4.408511301099031,2.8379780439850353,-0.008702527490892753,3.448480763690508,-3.421480970161695,11.269329159087167,3.6883736370287683,7.130860293609049,0.597393203588688
T cells CD8+,-29.835574012918336,12.231034202413806,-3.418005632269043,4.199702321738858,-13.07897765159405,1.1616603661743463,4.49800750511613,7.529962101734264,5.504666136323478,0.2739843444020561,0.26484211522304957,-2.6657200043870075,-6.678634343320613,-2.3069035842427676,-3.689087967170783,-2.6081246821962
